/M1/D (Wp=2e-06) X,/M1/D (Wp=2e-06) Y,/M1/D (Wp=3.6e-06) X,/M1/D (Wp=3.6e-06) Y,/M1/D (Wp=5.2e-06) X,/M1/D (Wp=5.2e-06) Y,/M1/D (Wp=6.8e-06) X,/M1/D (Wp=6.8e-06) Y,/M1/D (Wp=8.4e-06) X,/M1/D (Wp=8.4e-06) Y,/M1/D (Wp=1e-05) X,/M1/D (Wp=1e-05) Y
0,-3.578449020089427e-10,0,-6.441150902414248e-10,0,-9.303801823854202e-10,0,-1.21664017871759e-09,0,-1.502895079513757e-09,0,-1.789144885049683e-09
0.04,4.279239068343267e-05,0.04,7.691858498074536e-05,0.04,0.0001110450091724123,0.04,0.0001451713503948086,0.04,0.000179297534705461,0.04,0.0002134235355789352
0.08,7.841618627528052e-05,0.08,0.0001409212713640029,0.08,0.0002034268544744745,0.08,0.000265932323088904,0.08,0.0003284375324389206,0.08,0.0003909424305897999
0.12,0.0001073280005405981,0.12,0.0001928307269032339,0.12,0.0002783342418168381,0.12,0.0003638376439703793,0.12,0.0004493407203291389,0.12,0.0005348433944655404
0.16,0.0001299808495455846,0.16,0.0002334641781278452,0.16,0.0003369486033263858,0.16,0.0004404329399677472,0.16,0.0005439169078960607,0.16,0.0006474004065980501
0.2,0.0001468872110075973,0.2,0.000263749231052086,0.2,0.0003806126927966067,0.2,0.0004974761130975966,0.2,0.0006143391412755415,0.2,0.0007312016514991616
0.24,0.0001587920814908742,0.24,0.0002850411453442096,0.24,0.0004112920932328247,0.24,0.0005375430871355865,0.24,0.0006637936922920155,0.24,0.000790043752671003
0.28,0.0001669363891604202,0.28,0.0002995972176413599,0.28,0.0004322604553405596,0.28,0.0005649238655840785,0.28,0.0006975869193896636,0.28,0.0008302494269229936
0.32,0.0001728626725814206,0.32,0.0003102015028083108,0.32,0.000447543157892625,0.32,0.0005848850926872149,0.32,0.0007222267056130802,0.32,0.0008595677808424864
0.36,0.0001776899388917094,0.36,0.0003188537553583144,0.36,0.0004600206486031049,0.36,0.0006011878868154022,0.36,0.0007423548245568728,0.36,0.0008835212303073248
0.4,0.0001819622546635213,0.4,0.0003265204496104174,0.4,0.0004710818742468382,0.4,0.0006156436816926355,0.4,0.0007602051994609282,0.4,0.000904766186351844
0.4399999999999999,0.0001859224082202246,0.4399999999999999,0.0003336323913439145,0.4399999999999999,0.0004813457046484549,0.4399999999999999,0.0006290594232691287,0.4399999999999999,0.0007767728563726973,0.4399999999999999,0.0009244857561913469
0.4799999999999999,0.0001896899684934781,0.4799999999999999,0.0003404019329184322,0.4799999999999999,0.0004911172983634421,0.4799999999999999,0.0006418330827021186,0.4799999999999999,0.0007925485816198848,0.4799999999999999,0.0009432635425209292
0.5199999999999999,0.0001933314250945423,0.5199999999999999,0.0003469472873640487,0.5199999999999999,0.0005005666034236216,0.5199999999999999,0.0006541863465872545,0.5199999999999999,0.0008078058020427478,0.5199999999999999,0.0009614247134337562
0.5599999999999999,0.0001968874031995288,0.5599999999999999,0.0003533407466435659,0.5599999999999999,0.0005097975850786508,0.5599999999999999,0.0006662548556280496,0.5599999999999999,0.0008227118349487664,0.5599999999999999,0.0009791682636277525
0.6,0.0002003844607039803,0.6,0.0003596296021724644,0.6,0.0005188782721631559,0.6,0.0006781273774263532,0.6,0.000837376187456149,0.6,0.0009966244402723049
0.64,0.0002038408372684541,0.64,0.000365846350108536,0.64,0.0005278554196155953,0.64,0.0006898649263801712,0.64,0.000851874133724346,0.64,0.001013882777455429
0.68,0.0002072695374707694,0.68,0.0003720141693873635,0.68,0.0005367623821191151,0.68,0.0007015110332484537,0.68,0.0008662593806669713,0.68,0.001031007158234962
0.7200000000000001,0.0002106801109155714,0.7200000000000001,0.0003781500868835626,0.7200000000000001,0.0005456236647725292,0.7200000000000001,0.0007130976815778969,0.7200000000000001,0.0008805713903305223,0.7200000000000001,0.001048044523147736
0.7600000000000001,0.0002140797403388929,0.7600000000000001,0.0003842669131464343,0.7600000000000001,0.0005544577066172124,0.7600000000000001,0.0007246489390616654,0.7600000000000001,0.0008948398590976403,0.7600000000000001,0.001065030197259759
0.8000000000000002,0.0002174739376139484,0.8000000000000002,0.0003903744811972916,0.8000000000000002,0.0005632786623181122,0.8000000000000002,0.0007361832821252009,0.8000000000000002,0.0009090875851820492,0.8000000000000002,0.00108199130056903
0.8400000000000002,0.0002208670056300533,0.8400000000000002,0.0003964804689582117,0.8400000000000002,0.0005720975851996428,0.8400000000000002,0.0007477151395823903,0.8400000000000002,0.000923332372907786,0.8400000000000002,0.00109894901290664
0.8800000000000002,0.0002242623542931709,0.8800000000000002,0.0004025909621330221,0.8800000000000002,0.0005809232370440753,0.8800000000000002,0.0007592559493597741,0.8800000000000002,0.0009375883363609948,0.8800000000000002,0.001115920124515543
0.9200000000000003,0.0002276627223398906,0.9200000000000003,0.0004087108494430106,0.9200000000000003,0.0005897626567735553,0.9200000000000003,0.000770814900630576,0.9200000000000003,0.0009518668149771126,0.9200000000000003,0.001132918125090562
0.9600000000000003,0.0002310703364619326,0.9600000000000003,0.0004148441062393416,0.9600000000000003,0.0005986215685673366,0.9600000000000003,0.0007823994664405511,0.9600000000000003,0.0009661770306762144,0.9600000000000003,0.001149953985422879
1,0.0002344870275917786,1,0.0004209940018128186,1,0.0006075046802074223,1,0.0007940157930923356,1,0.0009805265682865908,1,0.001167036728862839
1.04,0.0002379143172355081,1.04,0.0004271632533372317,1.04,0.0006164159046409224,1.04,0.0008056689893287687,1.04,0.0009949217323496169,1.04,0.001184173855746087
1.08,0.0002413534824407837,1.08,0.0004333541417373598,1.08,0.0006253585267543135,1.08,0.0008173633440148419,1.08,0.001009367815709745,1.08,0.001201371662891734
1.12,0.0002448056052602248,1.12,0.0004395685999189657,1.12,0.0006343353303745568,1.12,0.0008291024919111873,1.12,0.00102386930406058,1.12,0.001218635486921053
1.16,0.0002482716107941061,1.16,0.0004458082806364233,1.16,0.0006433486959651901,1.16,0.0008408895411993836,1.16,0.00103843003329982,1.16,0.001235969891441972
1.2,0.0002517522967123687,1.2,0.0004520746091657126,1.2,0.0006524006764529315,1.2,0.0008527271724629738,1.2,0.001053053311664744,1.2,0.001253378812339198
1.24,0.000255248356349237,1.24,0.0004583688245139546,1.24,0.0006614930565541869,1.24,0.0008646177161313752,1.24,0.001067742015293863,1.24,0.001270865671453632
1.28,0.0002587603969034759,1.28,0.0004646920118983347,1.28,0.0006706273995342558,1.28,0.000876563213519896,1.28,0.001082498663547788,1.28,0.001288433466184223
1.320000000000001,0.0002622889538807104,1.320000000000001,0.0004710451285209344,1.320000000000001,0.0006798050843159069,1.320000000000001,0.0008885654652723868,1.320000000000001,0.001097325478786268,1.320000000000001,0.001306084840599321
1.360000000000001,0.0002658345026295911,1.360000000000001,0.0004774290241583769,1.360000000000001,0.0006890273351235779,1.360000000000001,0.0009006260700602553,1.360000000000001,0.001112224434122014,1.360000000000001,0.001323822142245541
1.400000000000001,0.0002693974676158494,1.400000000000001,0.000483844457715091,1.400000000000001,0.0006982952453165738,1.400000000000001,0.0009127464556959541,1.400000000000001,0.00112719729181459,1.400000000000001,0.001341647467822044
1.440000000000001,0.0002729782299252374,1.440000000000001,0.0004902921106160005,1.440000000000001,0.000707609796672195,1.440000000000001,0.0009249279043066519,1.440000000000001,0.00114224563433483,1.440000000000001,0.00135956270013582
1.480000000000001,0.0002765771333721736,1.480000000000001,0.0004967725977109379,1.480000000000001,0.0007169718750864944,1.480000000000001,0.0009371715728315298,1.480000000000001,0.001157370889658726,1.480000000000001,0.001377569538192134
1.520000000000001,0.0002801944895050886,1.520000000000001,0.0005032864762099902,1.520000000000001,0.0007263822834399872,1.520000000000001,0.0009494785098180454,1.520000000000001,0.00117257435199427,1.520000000000001,0.001395669521852098
1.560000000000001,0.0002838305817343854,1.560000000000001,0.0005098342530528165,1.560000000000001,0.0007358417522087342,1.560000000000001,0.0009618496692748565,1.560000000000001,0.001187857198876358,1.560000000000001,0.00141386405216955
1.600000000000001,0.0002874856687591634,1.600000000000001,0.0005164163910263852,1.600000000000001,0.000745350948273357,1.600000000000001,0.0009742859221722532,1.600000000000001,0.001203220505358692,1.600000000000001,0.001432154408274428
1.640000000000001,0.0002911599874308812,1.640000000000001,0.0005230333138776459,1.640000000000001,0.0007549104822809805,1.640000000000001,0.0009867880660534732,1.640000000000001,0.001218665255874366,1.640000000000001,0.001450541761482877
1.680000000000001,0.0002948537551625905,1.680000000000001,0.00052968541061499,1.680000000000001,0.0007645209148391461,1.680000000000001,0.000999356833121052,1.680000000000001,0.001234192354214977,1.680000000000001,0.001469027187168878
1.720000000000001,0.0002985671719695689,1.720000000000001,0.0005363730391517981,1.720000000000001,0.0007741827617624139,1.720000000000001,0.001011992897086643,1.720000000000001,0.001249802631983503,1.720000000000001,0.001487611674820281
1.760000000000001,0.0003023004222094671,1.760000000000001,0.000543096529413579,1.760000000000001,0.0007838964985466336,1.760000000000001,0.00102469687901243,1.760000000000001,0.001265496855802889,1.760000000000001,0.001506296136614778
1.800000000000001,0.0003060536760762149,1.800000000000001,0.0005498561860054795,1.800000000000001,0.0007936625642102061,1.800000000000001,0.001037469352326188,1.800000000000001,0.001281275733505032,1.800000000000001,0.001525081414782551
1.840000000000001,0.0003098270908910087,1.840000000000001,0.000556652290517574,1.840000000000001,0.00080348136461377,1.840000000000001,0.001050310847155408,1.840000000000001,0.001297139919479273,1.840000000000001,0.001543968287969351
1.880000000000001,0.0003136208122250985,1.880000000000001,0.0005634851035299729,1.880000000000001,0.0008133532753476869,1.880000000000001,0.001063221854097137,1.880000000000001,0.001313090019324633,1.880000000000001,0.001562957476771087
1.920000000000001,0.000317434974882527,1.920000000000001,0.0005703548663677306,1.920000000000001,0.0008232786442592154,1.920000000000001,0.001076202827517545,1.920000000000001,0.001329126593921821,1.920000000000001,0.001582049648578218
1.960000000000001,0.0003212697037653117,1.960000000000001,0.0005772618026460856,1.960000000000001,0.0008332577936778963,1.960000000000001,0.001089254188457348,1.960000000000001,0.001345250163018613,1.960000000000001,0.001601245421841186
2,0.000325125114639673,2,0.0005842061196389017,2,0.0008432910223861692,2,0.001102376327204725,2,0.001361461208405233,2,0.001620545369848097
